Task ID,Subject,Description,Priority,Estimated Hours,Parent Task,Assignee,Category,Status
P2-PHASE-2,Plan-2 Phase-2: Advanced AI/ML Applications,Complete Phase-2 with 5 sprint-based advanced AI/ML projects,Critical,140,,Development Team,Advanced AI Applications,New
P2-P7-SENTIMENT,Project 7: Customer Sentiment Analyzer,Production-ready sentiment analysis system with transformer models,Critical,32,P2-PHASE-2,NLP Engineering Team,Sentiment Analysis,New
P2-P7-S1-MODEL,Sprint Day 1-2: Model Foundation and Integration,Transformer model deployment with FastAPI serving,Critical,16,P2-P7-SENTIMENT,ML Engineering Lead,Model Deployment,New
P2-P7-S1-MODEL-01,Hugging Face model selection and fine-tuning setup,Evaluate and select optimal sentiment analysis models (BERT RoBERTa DistilBERT),Critical,3.0,P2-P7-S1-MODEL,ML Model Engineer,Model Selection,New
P2-P7-S1-MODEL-02,Custom model training pipeline,Implement fine-tuning pipeline for domain-specific sentiment analysis,Critical,4.0,P2-P7-S1-MODEL,Model Training Specialist,Model Training,New
P2-P7-S1-API-01,Model serving with FastAPI,Create REST API endpoints for real-time sentiment analysis,Critical,2.5,P2-P7-S1-MODEL,API Developer,API Development,New
P2-P7-S1-API-02,Batch processing capabilities,Implement batch analysis for large datasets,Critical,2.0,P2-P7-S1-MODEL,Batch Processing Engineer,Batch Processing,New
P2-P7-S1-TEST-01,Model validation and testing framework,Create comprehensive testing suite for model accuracy and performance,High,1.5,P2-P7-S1-MODEL,QA Engineer,Model Testing,New
P2-P7-S2-DATA,Sprint Day 3-4: Data Processing and Real-Time Analytics,Multi-source data ingestion with real-time sentiment processing,Critical,8,P2-P7-SENTIMENT,Data Engineering Lead,Data Processing,New
P2-P7-S2-DATA-01,Multi-source data ingestion,Connect to customer feedback sources (surveys reviews social media APIs),Critical,3.0,P2-P7-S2-DATA,Data Integration Engineer,Data Ingestion,New
P2-P7-S2-DATA-02,Real-time processing pipeline,Implement streaming data processing with live sentiment analysis,Critical,3.5,P2-P7-S2-DATA,Real-time Engineer,Streaming Processing,New
P2-P7-S2-ANALYTICS-01,Sentiment trend analysis,Build analytics engine for sentiment trends patterns and insights,Critical,2.5,P2-P7-S2-DATA,Analytics Engineer,Sentiment Analytics,New
P2-P7-S2-ANALYTICS-02,Advanced sentiment features,Implement emotion detection aspect-based sentiment and confidence scoring,High,3.0,P2-P7-S2-DATA,Advanced NLP Engineer,Advanced Features,New
P2-P7-S2-STORAGE-01,Database and data management,Setup efficient data storage for historical analysis and reporting,High,1.5,P2-P7-S2-DATA,Database Engineer,Data Storage,New
P2-P7-S3-DASHBOARD,Sprint Day 5-7: Dashboard and Deployment,Streamlit dashboard with cloud deployment,High,8,P2-P7-SENTIMENT,Frontend DevOps Lead,Dashboard Deployment,New
P2-P7-S3-DASHBOARD-01,Interactive sentiment dashboard,Create comprehensive Streamlit dashboard with real-time visualization,High,3.0,P2-P7-S3-DASHBOARD,Dashboard Developer,Dashboard Development,New
P2-P7-S3-DASHBOARD-02,Customer insight analytics,Build customer segmentation and behavioral insight features,High,2.5,P2-P7-S3-DASHBOARD,Business Intelligence Developer,Customer Analytics,New
P2-P7-S3-DEPLOY-01,Cloud deployment and scaling,Deploy application to AWS/GCP/Azure with auto-scaling,High,2.0,P2-P7-S3-DASHBOARD,Cloud DevOps Engineer,Cloud Deployment,New
P2-P7-S3-MONITOR-01,Performance monitoring and alerting,Setup monitoring logging and alerting for production system,Medium,0.5,P2-P7-S3-DASHBOARD,Monitoring Engineer,System Monitoring,New
P2-P8-SUMMARIZER,Project 8: Multilingual Document Summarizer,Advanced NLP system for multilingual document summarization,Critical,30,P2-PHASE-2,Document Processing Team,Document Intelligence,New
P2-P8-S1-CORE,Sprint Day 1-2: Core Summarization Engine,Document preprocessing with multilingual summarization models,Critical,16,P2-P8-SUMMARIZER,NLP Engineering Lead,Core NLP,New
P2-P8-S1-NLP-01,Document preprocessing pipeline,Implement text extraction from PDFs DOCX HTML with language detection,Critical,3.0,P2-P8-S1-CORE,Document Processing Engineer,Document Preprocessing,New
P2-P8-S1-NLP-02,Multilingual model integration,Setup BERT mBART and T5 models for multilingual summarization,Critical,3.5,P2-P8-S1-CORE,Multilingual NLP Engineer,Multilingual Models,New
P2-P8-S1-SUMMARY-01,Extractive summarization engine,Implement sentence ranking and extractive summary generation,Critical,2.5,P2-P8-S1-CORE,Extractive Summarization Engineer,Extractive Summarization,New
P2-P8-S1-SUMMARY-02,Abstractive summarization engine,Build abstractive summarization using transformer models,Critical,3.0,P2-P8-S1-CORE,Abstractive Summarization Engineer,Abstractive Summarization,New
P2-P8-S1-EVAL-01,Summary quality evaluation,Implement ROUGE BLEU and custom quality metrics,High,1.5,P2-P8-S1-CORE,Evaluation Engineer,Quality Metrics,New
P2-P8-S2-ADVANCED,Sprint Day 3-4: Advanced Features and Intelligence,Document structure analysis with domain-specific processing,Critical,8,P2-P8-SUMMARIZER,Advanced NLP Lead,Advanced Processing,New
P2-P8-S2-INTEL-01,Document structure analysis,Identify sections headings key concepts and document hierarchy,Critical,2.5,P2-P8-S2-ADVANCED,Document Structure Analyst,Structure Analysis,New
P2-P8-S2-INTEL-02,Domain-specific summarization,Customize summarization for research papers technical docs legal documents,Critical,3.0,P2-P8-S2-ADVANCED,Domain Specialist,Domain Customization,New
P2-P8-S2-FEATURES-01,Key entity and concept extraction,Extract important entities keywords and concepts from documents,Critical,2.0,P2-P8-S2-ADVANCED,Entity Extraction Engineer,Entity Extraction,New
P2-P8-S2-FEATURES-02,Multi-document summarization,Generate unified summaries from multiple related documents,High,3.5,P2-P8-S2-ADVANCED,Multi-document Engineer,Multi-document Processing,New
P2-P8-S2-QUALITY-01,Summary customization and optimization,Allow length control focus areas and audience-specific summaries,High,2.5,P2-P8-S2-ADVANCED,Customization Engineer,Summary Customization,New
P2-P8-S3-INTERFACE,Sprint Day 5-7: Production Interface and Deployment,FastAPI backend with production deployment,High,6,P2-P8-SUMMARIZER,Production Lead,Production Interface,New
P2-P8-S3-API-01,Document processing API,Create RESTful API for document upload processing and summarization,High,2.5,P2-P8-S3-INTERFACE,API Developer,Document API,New
P2-P8-S3-FRONTEND-01,Document summarization interface,Build user-friendly interface for document upload and summary viewing,High,2.0,P2-P8-S3-INTERFACE,Frontend Developer,User Interface,New
P2-P8-S3-DEPLOY-01,Production deployment with Docker,Containerize and deploy application with scalable architecture,High,1.5,P2-P8-S3-INTERFACE,DevOps Engineer,Production Deployment,New
P2-P9-FRAUD,Project 9: Fraud Detection System,Real-time fraud detection with financial ML models,Critical,28,P2-PHASE-2,Financial ML Team,Fraud Detection,New
P2-P9-S1-FOUNDATION,Sprint Day 1-2: ML Foundation and Feature Engineering,Financial data processing with advanced feature engineering,Critical,16,P2-P9-FRAUD,Financial ML Lead,ML Foundation,New
P2-P9-S1-DATA-01,Financial transaction data pipeline,Build secure ingestion for transaction payment and user behavior data,Critical,3.0,P2-P9-S1-FOUNDATION,Financial Data Engineer,Financial Data Processing,New
P2-P9-S1-FEATURES-01,Advanced feature engineering,Create sophisticated fraud indicators behavioral patterns and risk features,Critical,4.0,P2-P9-S1-FOUNDATION,Feature Engineering Specialist,Feature Engineering,New
P2-P9-S1-ML-01,Fraud detection model development,Implement ensemble models (XGBoost LightGBM) for fraud classification,Critical,3.5,P2-P9-S1-FOUNDATION,ML Algorithm Engineer,Fraud Models,New
P2-P9-S1-VALIDATION-01,Model validation and performance,Comprehensive validation with precision recall and business metrics,Critical,2.5,P2-P9-S1-FOUNDATION,Model Validation Engineer,Model Validation,New
P2-P9-S1-BASELINE-01,Baseline and benchmark comparison,Compare against industry benchmarks and rule-based systems,High,2.0,P2-P9-S1-FOUNDATION,Benchmark Analyst,Performance Benchmarking,New
P2-P9-S2-REALTIME,Sprint Day 3-4: Real-Time Scoring and Production,Real-time fraud scoring with production monitoring,Critical,8,P2-P9-FRAUD,Real-time Systems Lead,Real-time Processing,New
P2-P9-S2-SCORING-01,Real-time scoring API,Build low-latency API for transaction scoring (<10ms response time),Critical,3.0,P2-P9-S2-REALTIME,Real-time API Developer,Real-time API,New
P2-P9-S2-STREAM-01,Stream processing pipeline,Implement streaming fraud detection with Apache Kafka/Redis,Critical,2.5,P2-P9-S2-REALTIME,Stream Processing Engineer,Stream Processing,New
P2-P9-S2-MONITOR-01,Model monitoring and drift detection,Build comprehensive monitoring for model performance and data drift,Critical,2.5,P2-P9-S2-REALTIME,ML Monitoring Engineer,Model Monitoring,New
P2-P9-S3-SECURITY,Sprint Day 5-7: Security and Compliance,Security compliance with fraud investigation tools,High,4,P2-P9-FRAUD,Security Compliance Lead,Security Compliance,New
P2-P9-S3-SECURITY-01,Security and encryption implementation,Implement data encryption audit logging and access controls,High,2.0,P2-P9-S3-SECURITY,Security Engineer,Data Security,New
P2-P9-S3-COMPLIANCE-01,Regulatory compliance framework,Ensure PCI DSS GDPR compliance with audit trails,High,1.5,P2-P9-S3-SECURITY,Compliance Specialist,Regulatory Compliance,New
P2-P9-S3-INVESTIGATION-01,Fraud investigation dashboard,Build investigation tools for fraud analysts and case management,Medium,0.5,P2-P9-S3-SECURITY,Investigation Tool Developer,Investigation Tools,New
P2-P10-PRICING,Project 10: Dynamic Pricing Engine,Reinforcement learning system for intelligent pricing optimization,Critical,36,P2-PHASE-2,Pricing Intelligence Team,Dynamic Pricing,New
P2-P10-S1-FORECASTING,Sprint Day 1-2: Data Engineering and Demand Forecasting,Historical data pipeline with advanced demand forecasting,Critical,16,P2-P10-PRICING,Demand Forecasting Lead,Demand Forecasting,New
P2-P10-S1-DATA-01,Historical sales and pricing data pipeline,Create comprehensive dataset with sales prices inventory and external factors,Critical,3.0,P2-P10-S1-FORECASTING,Data Pipeline Engineer,Sales Data Pipeline,New
P2-P10-S1-FORECAST-01,Time series demand forecasting model,Implement LSTM/Prophet models for demand prediction with seasonality,Critical,4.0,P2-P10-S1-FORECASTING,Time Series Engineer,Demand Forecasting,New
P2-P10-S1-EXTERNAL-01,External data integration,Integrate competitor prices economic indicators and market trends,Critical,2.5,P2-P10-S1-FORECASTING,External Data Engineer,Market Data Integration,New
P2-P10-S1-FEATURES-01,Price elasticity and feature engineering,Calculate price elasticity demand curves and advanced features,Critical,3.0,P2-P10-S1-FORECASTING,Pricing Analyst,Price Elasticity,New
P2-P10-S1-VALIDATION-01,Forecasting model validation,Implement robust validation with walk-forward analysis,High,2.0,P2-P10-S1-FORECASTING,Validation Engineer,Forecast Validation,New
P2-P10-S2-RL,Sprint Day 3-4: Reinforcement Learning and Pricing Optimization,RL environment with pricing agent training,Critical,16,P2-P10-PRICING,RL Engineering Lead,Reinforcement Learning,New
P2-P10-S2-ENV-01,Pricing environment simulation,Create RL environment modeling market dynamics and customer behavior,Critical,3.5,P2-P10-S2-RL,RL Environment Engineer,RL Environment,New
P2-P10-S2-RL-01,Reinforcement learning agent implementation,Implement PPO/SAC agents for pricing optimization with reward engineering,Critical,4.0,P2-P10-S2-RL,RL Algorithm Engineer,RL Agents,New
P2-P10-S2-REWARD-01,Sophisticated reward function design,Create reward function balancing revenue market share and inventory,Critical,2.0,P2-P10-S2-RL,Reward Engineer,Reward Design,New
P2-P10-S2-TRAIN-01,RL agent training and hyperparameter tuning,Train agents with different strategies and optimize performance,Critical,3.0,P2-P10-S2-RL,RL Training Engineer,Agent Training,New
P2-P10-S2-EVAL-01,Strategy evaluation and backtesting,Comprehensive backtesting against historical data and baselines,High,2.0,P2-P10-S2-RL,Backtesting Engineer,Strategy Evaluation,New
P2-P10-S3-DEPLOYMENT,Sprint Day 5-7: Real-Time Deployment and Business Intelligence,Production deployment with business intelligence dashboard,High,4,P2-P10-PRICING,Business Intelligence Lead,BI Deployment,New
P2-P10-S3-REALTIME-01,Real-time pricing API,Deploy pricing optimization with <50ms response time,High,2.0,P2-P10-S3-DEPLOYMENT,Real-time Pricing Engineer,Real-time Pricing,New
P2-P10-S3-ABTEST-01,A/B testing framework,Implement controlled pricing experiments and statistical analysis,High,1.5,P2-P10-S3-DEPLOYMENT,A/B Testing Engineer,Pricing Experiments,New
P2-P10-S3-DASHBOARD-01,Business intelligence dashboard,Create revenue optimization dashboard for business stakeholders,Medium,0.5,P2-P10-S3-DEPLOYMENT,BI Dashboard Developer,Business Dashboard,New
P2-P11-VISION,Project 11: Computer Vision Quality Control,Industrial computer vision system for automated quality control,Critical,24,P2-PHASE-2,Computer Vision Team,Computer Vision,New
P2-P11-S1-DETECTION,Sprint Day 1-2: Detection Model and Training,Object detection model with defect classification,Critical,16,P2-P11-VISION,Computer Vision Lead,Object Detection,New
P2-P11-S1-DATA-01,Industrial dataset preparation,Collect and annotate manufacturing defect images with augmentation,Critical,3.0,P2-P11-S1-DETECTION,Dataset Engineer,Dataset Preparation,New
P2-P11-S1-MODEL-01,YOLO/CNN model development,Implement and train YOLO/CNN models for defect detection and classification,Critical,4.0,P2-P11-S1-DETECTION,Computer Vision Engineer,CV Model Development,New
P2-P11-S1-TRAINING-01,Model training and optimization,Train models with advanced techniques and hyperparameter optimization,Critical,3.0,P2-P11-S1-DETECTION,Model Training Engineer,CV Training,New
P2-P11-S1-EVAL-01,Model evaluation and metrics,Evaluate with precision recall mAP and manufacturing-specific metrics,Critical,2.5,P2-P11-S1-DETECTION,CV Evaluation Engineer,Model Evaluation,New
P2-P11-S1-INFERENCE-01,Inference optimization,Optimize models for real-time inference with TensorRT/ONNX,High,1.5,P2-P11-S1-DETECTION,Inference Optimization Engineer,Inference Optimization,New
P2-P11-S2-INTEGRATION,Sprint Day 3-4: Real-Time Processing and Integration,Camera integration with real-time processing pipeline,Critical,8,P2-P11-VISION,Integration Lead,System Integration,New
P2-P11-S2-CAMERA-01,Camera and hardware integration,Integrate with industrial cameras and manufacturing equipment,Critical,2.5,P2-P11-S2-INTEGRATION,Hardware Integration Engineer,Hardware Integration,New
P2-P11-S2-REALTIME-01,Real-time image processing,Implement real-time processing pipeline with queue management,Critical,3.0,P2-P11-S2-INTEGRATION,Real-time Processing Engineer,Real-time CV,New
P2-P11-S2-DECISIONS-01,Automated decision system,Build automated pass/fail decisions with confidence thresholds,Critical,2.5,P2-P11-S2-INTEGRATION,Decision System Engineer,Automated Decisions,New
P2-P11-S3-PRODUCTION,Sprint Day 5-7: Production Deployment and Monitoring,Manufacturing integration with quality monitoring,High,4,P2-P11-VISION,Production Systems Lead,Production Integration,New
P2-P11-S3-DEPLOY-01,Manufacturing line deployment,Deploy system to production manufacturing environment,High,2.0,P2-P11-S3-PRODUCTION,Manufacturing Engineer,Manufacturing Deployment,New
P2-P11-S3-MONITOR-01,Quality control monitoring,Build monitoring dashboard for quality metrics and system performance,High,1.5,P2-P11-S3-PRODUCTION,Quality Monitor Engineer,Quality Monitoring,New
P2-P11-S3-MAINTENANCE-01,Predictive maintenance integration,Integrate with maintenance systems for predictive quality management,Medium,0.5,P2-P11-S3-PRODUCTION,Maintenance Systems Engineer,Predictive Maintenance,New
