Serial_Number,Phase,Project_Number,Project_Title,Track,Milestone,Task_ID,Task_Name,Task_Description,Estimated_Minutes,Estimated_Hours,File_Path
1,1,1,Interactive Data Analysis Dashboard,,M1,P1-M1-DATA-01,Data source integration setup,Configure data sources (CSV files APIs or simulated real-time data),120,2.0,/home/sivaj/projects/AI-ML/AmzurCodeReviewTemplates/CodeReviewTemplate-Main/Plan-2/Phase-1-Project-Assignments/Project 1 - Interactive Data Analysis Dashboard.md
2,1,1,Interactive Data Analysis Dashboard,,M1,P1-M1-DATA-02,Pandas data processing pipeline,Implement core data cleaning transformation and aggregation functions,180,3.0,/home/sivaj/projects/AI-ML/AmzurCodeReviewTemplates/CodeReviewTemplate-Main/Plan-2/Phase-1-Project-Assignments/Project 1 - Interactive Data Analysis Dashboard.md
3,1,1,Interactive Data Analysis Dashboard,,M1,P1-M1-DATA-03,Data validation and error handling,Add comprehensive data validation with proper error messaging,90,1.5,/home/sivaj/projects/AI-ML/AmzurCodeReviewTemplates/CodeReviewTemplate-Main/Plan-2/Phase-1-Project-Assignments/Project 1 - Interactive Data Analysis Dashboard.md
4,1,1,Interactive Data Analysis Dashboard,,M1,P1-M1-UI-01,Basic Streamlit application setup,Create foundational Streamlit app structure with navigation,60,1.0,/home/sivaj/projects/AI-ML/AmzurCodeReviewTemplates/CodeReviewTemplate-Main/Plan-2/Phase-1-Project-Assignments/Project 1 - Interactive Data Analysis Dashboard.md
5,1,1,Interactive Data Analysis Dashboard,,M1,P1-M1-UI-02,Initial data display interface,Implement basic data table views and summary statistics,90,1.5,/home/sivaj/projects/AI-ML/AmzurCodeReviewTemplates/CodeReviewTemplate-Main/Plan-2/Phase-1-Project-Assignments/Project 1 - Interactive Data Analysis Dashboard.md
6,1,1,Interactive Data Analysis Dashboard,,M2,P1-M2-VIZ-01,Plotly chart integration,Implement multiple chart types (line bar scatter heatmap) with Plotly,150,2.5,/home/sivaj/projects/AI-ML/AmzurCodeReviewTemplates/CodeReviewTemplate-Main/Plan-2/Phase-1-Project-Assignments/Project 1 - Interactive Data Analysis Dashboard.md
7,1,1,Interactive Data Analysis Dashboard,,M2,P1-M2-VIZ-02,Dynamic filtering and controls,Add interactive filters date ranges and data subset controls,180,3.0,/home/sivaj/projects/AI-ML/AmzurCodeReviewTemplates/CodeReviewTemplate-Main/Plan-2/Phase-1-Project-Assignments/Project 1 - Interactive Data Analysis Dashboard.md
8,1,1,Interactive Data Analysis Dashboard,,M2,P1-M2-VIZ-03,Real-time data updates,Implement automatic data refresh and live chart updates,120,2.0,/home/sivaj/projects/AI-ML/AmzurCodeReviewTemplates/CodeReviewTemplate-Main/Plan-2/Phase-1-Project-Assignments/Project 1 - Interactive Data Analysis Dashboard.md
9,1,1,Interactive Data Analysis Dashboard,,M2,P1-M2-PERF-01,Performance optimization,Optimize data processing for large datasets and responsive UI,90,1.5,/home/sivaj/projects/AI-ML/AmzurCodeReviewTemplates/CodeReviewTemplate-Main/Plan-2/Phase-1-Project-Assignments/Project 1 - Interactive Data Analysis Dashboard.md
10,1,1,Interactive Data Analysis Dashboard,,M2,P1-M2-PERF-02,Caching and state management,Implement Streamlit session state and data caching strategies,60,1.0,/home/sivaj/projects/AI-ML/AmzurCodeReviewTemplates/CodeReviewTemplate-Main/Plan-2/Phase-1-Project-Assignments/Project 1 - Interactive Data Analysis Dashboard.md
11,1,1,Interactive Data Analysis Dashboard,,M3,P1-M3-DEPLOY-01,Deployment configuration,Setup deployment scripts and environment configuration,90,1.5,/home/sivaj/projects/AI-ML/AmzurCodeReviewTemplates/CodeReviewTemplate-Main/Plan-2/Phase-1-Project-Assignments/Project 1 - Interactive Data Analysis Dashboard.md
12,1,1,Interactive Data Analysis Dashboard,,M3,P1-M3-DEPLOY-02,Documentation and user guide,Create comprehensive README with setup and usage instructions,120,2.0,/home/sivaj/projects/AI-ML/AmzurCodeReviewTemplates/CodeReviewTemplate-Main/Plan-2/Phase-1-Project-Assignments/Project 1 - Interactive Data Analysis Dashboard.md
13,1,1,Interactive Data Analysis Dashboard,,M3,P1-M3-TEST-01,Testing and validation suite,Implement unit tests for data processing and integration tests,150,2.5,/home/sivaj/projects/AI-ML/AmzurCodeReviewTemplates/CodeReviewTemplate-Main/Plan-2/Phase-1-Project-Assignments/Project 1 - Interactive Data Analysis Dashboard.md
14,1,1,Interactive Data Analysis Dashboard,,M3,P1-M3-FEATURES-01,Advanced analytics features,Add trend analysis statistical summaries or predictive insights,180,3.0,/home/sivaj/projects/AI-ML/AmzurCodeReviewTemplates/CodeReviewTemplate-Main/Plan-2/Phase-1-Project-Assignments/Project 1 - Interactive Data Analysis Dashboard.md
15,1,1,Interactive Data Analysis Dashboard,,M3,P1-M3-FEATURES-02,Export and sharing capabilities,Implement data export (CSV PDF) and dashboard sharing features,90,1.5,/home/sivaj/projects/AI-ML/AmzurCodeReviewTemplates/CodeReviewTemplate-Main/Plan-2/Phase-1-Project-Assignments/Project 1 - Interactive Data Analysis Dashboard.md
16,1,2,Enhanced Prompt Engineering,,M1,P2-M1-API-01,OpenAI API integration setup,Configure secure API access with error handling and rate limiting,60,1.0,/home/sivaj/projects/AI-ML/AmzurCodeReviewTemplates/CodeReviewTemplate-Main/Plan-2/Phase-1-Project-Assignments/Project 2 - Enhanced Prompt Engineering.md
17,1,2,Enhanced Prompt Engineering,,M1,P2-M1-PROMPT-01,Basic prompt template system,Create modular prompt templates with variable substitution,90,1.5,/home/sivaj/projects/AI-ML/AmzurCodeReviewTemplates/CodeReviewTemplate-Main/Plan-2/Phase-1-Project-Assignments/Project 2 - Enhanced Prompt Engineering.md
18,1,2,Enhanced Prompt Engineering,,M1,P2-M1-PROMPT-02,Prompt performance measurement,Implement metrics for response quality relevance and consistency,120,2.0,/home/sivaj/projects/AI-ML/AmzurCodeReviewTemplates/CodeReviewTemplate-Main/Plan-2/Phase-1-Project-Assignments/Project 2 - Enhanced Prompt Engineering.md
19,1,2,Enhanced Prompt Engineering,,M1,P2-M1-CONTEXT-01,Context injection engine,Build system for dynamic context insertion based on user inputs,90,1.5,/home/sivaj/projects/AI-ML/AmzurCodeReviewTemplates/CodeReviewTemplate-Main/Plan-2/Phase-1-Project-Assignments/Project 2 - Enhanced Prompt Engineering.md
20,1,2,Enhanced Prompt Engineering,,M1,P2-M1-UI-01,Interactive prompt testing interface,Create Streamlit interface for prompt experimentation,60,1.0,/home/sivaj/projects/AI-ML/AmzurCodeReviewTemplates/CodeReviewTemplate-Main/Plan-2/Phase-1-Project-Assignments/Project 2 - Enhanced Prompt Engineering.md
21,1,2,Enhanced Prompt Engineering,,M2,P2-M2-DOMAIN-01,Multi-domain prompt library,Create specialized prompts for healthcare finance education and technology domains,180,3.0,/home/sivaj/projects/AI-ML/AmzurCodeReviewTemplates/CodeReviewTemplate-Main/Plan-2/Phase-1-Project-Assignments/Project 2 - Enhanced Prompt Engineering.md
22,1,2,Enhanced Prompt Engineering,,M2,P2-M2-DOMAIN-02,Context-aware prompt selection,Implement intelligent prompt selection based on domain and task type,150,2.5,/home/sivaj/projects/AI-ML/AmzurCodeReviewTemplates/CodeReviewTemplate-Main/Plan-2/Phase-1-Project-Assignments/Project 2 - Enhanced Prompt Engineering.md
23,1,2,Enhanced Prompt Engineering,,M2,P2-M2-ADVANCED-01,Advanced prompt techniques,Implement few-shot learning chain-of-thought and role-based prompting,120,2.0,/home/sivaj/projects/AI-ML/AmzurCodeReviewTemplates/CodeReviewTemplate-Main/Plan-2/Phase-1-Project-Assignments/Project 2 - Enhanced Prompt Engineering.md
24,1,2,Enhanced Prompt Engineering,,M2,P2-M2-ADVANCED-02,Response post-processing,Add response validation formatting and quality enhancement,90,1.5,/home/sivaj/projects/AI-ML/AmzurCodeReviewTemplates/CodeReviewTemplate-Main/Plan-2/Phase-1-Project-Assignments/Project 2 - Enhanced Prompt Engineering.md
25,1,2,Enhanced Prompt Engineering,,M2,P2-M2-EVAL-01,A/B testing framework,Build system for comparing prompt variants and measuring effectiveness,120,2.0,/home/sivaj/projects/AI-ML/AmzurCodeReviewTemplates/CodeReviewTemplate-Main/Plan-2/Phase-1-Project-Assignments/Project 2 - Enhanced Prompt Engineering.md
26,1,2,Enhanced Prompt Engineering,,M3,P2-M3-PLATFORM-01,Prompt management dashboard,Create interface for prompt library management and version control,150,2.5,/home/sivaj/projects/AI-ML/AmzurCodeReviewTemplates/CodeReviewTemplate-Main/Plan-2/Phase-1-Project-Assignments/Project 2 - Enhanced Prompt Engineering.md
27,1,2,Enhanced Prompt Engineering,,M3,P2-M3-PLATFORM-02,Real-time prompt optimization,Implement automatic prompt refinement based on performance metrics,180,3.0,/home/sivaj/projects/AI-ML/AmzurCodeReviewTemplates/CodeReviewTemplate-Main/Plan-2/Phase-1-Project-Assignments/Project 2 - Enhanced Prompt Engineering.md
28,1,2,Enhanced Prompt Engineering,,M3,P2-M3-ANALYTICS-01,Performance analytics dashboard,Build comprehensive analytics for prompt effectiveness and usage patterns,120,2.0,/home/sivaj/projects/AI-ML/AmzurCodeReviewTemplates/CodeReviewTemplate-Main/Plan-2/Phase-1-Project-Assignments/Project 2 - Enhanced Prompt Engineering.md
29,1,2,Enhanced Prompt Engineering,,M3,P2-M3-API-01,Prompt engineering API,Create RESTful API for prompt execution and management,90,1.5,/home/sivaj/projects/AI-ML/AmzurCodeReviewTemplates/CodeReviewTemplate-Main/Plan-2/Phase-1-Project-Assignments/Project 2 - Enhanced Prompt Engineering.md
30,1,2,Enhanced Prompt Engineering,,M3,P2-M3-DOCS-01,Comprehensive documentation,Create prompt engineering guide and best practices documentation,90,1.5,/home/sivaj/projects/AI-ML/AmzurCodeReviewTemplates/CodeReviewTemplate-Main/Plan-2/Phase-1-Project-Assignments/Project 2 - Enhanced Prompt Engineering.md
31,1,3,Resume and Job Matching Engine,,M1,P3-M1-NLP-01,Text preprocessing pipeline,Implement tokenization stemming and text normalization,120,2.0,/home/sivaj/projects/AI-ML/AmzurCodeReviewTemplates/CodeReviewTemplate-Main/Plan-2/Phase-1-Project-Assignments/Project 3 - Resume and Job Matching Engine.md
32,1,3,Resume and Job Matching Engine,,M1,P3-M1-NLP-02,Document parsing system,Build PDF and text extraction with structured data processing,150,2.5,/home/sivaj/projects/AI-ML/AmzurCodeReviewTemplates/CodeReviewTemplate-Main/Plan-2/Phase-1-Project-Assignments/Project 3 - Resume and Job Matching Engine.md
33,1,3,Resume and Job Matching Engine,,M1,P3-M1-EMBED-01,Embedding generation pipeline,Implement OpenAI embeddings for semantic text representation,90,1.5,/home/sivaj/projects/AI-ML/AmzurCodeReviewTemplates/CodeReviewTemplate-Main/Plan-2/Phase-1-Project-Assignments/Project 3 - Resume and Job Matching Engine.md
34,1,3,Resume and Job Matching Engine,,M1,P3-M1-EMBED-02,Vector database setup,Configure FAISS for efficient similarity search and storage,120,2.0,/home/sivaj/projects/AI-ML/AmzurCodeReviewTemplates/CodeReviewTemplate-Main/Plan-2/Phase-1-Project-Assignments/Project 3 - Resume and Job Matching Engine.md
35,1,3,Resume and Job Matching Engine,,M1,P3-M1-UI-01,Basic matching interface,Create Streamlit interface for resume and job input,60,1.0,/home/sivaj/projects/AI-ML/AmzurCodeReviewTemplates/CodeReviewTemplate-Main/Plan-2/Phase-1-Project-Assignments/Project 3 - Resume and Job Matching Engine.md
36,1,3,Resume and Job Matching Engine,,M2,P3-M2-MATCH-01,Semantic similarity algorithm,Implement advanced similarity scoring with weighted criteria,180,3.0,/home/sivaj/projects/AI-ML/AmzurCodeReviewTemplates/CodeReviewTemplate-Main/Plan-2/Phase-1-Project-Assignments/Project 3 - Resume and Job Matching Engine.md
37,1,3,Resume and Job Matching Engine,,M2,P3-M2-MATCH-02,Multi-criteria ranking system,Build comprehensive ranking with experience skills and requirements,150,2.5,/home/sivaj/projects/AI-ML/AmzurCodeReviewTemplates/CodeReviewTemplate-Main/Plan-2/Phase-1-Project-Assignments/Project 3 - Resume and Job Matching Engine.md
38,1,3,Resume and Job Matching Engine,,M2,P3-M2-NER-01,Named entity recognition,Extract skills companies and qualifications from text,120,2.0,/home/sivaj/projects/AI-ML/AmzurCodeReviewTemplates/CodeReviewTemplate-Main/Plan-2/Phase-1-Project-Assignments/Project 3 - Resume and Job Matching Engine.md
39,1,3,Resume and Job Matching Engine,,M2,P3-M2-EVAL-01,Matching quality metrics,Implement evaluation metrics for matching accuracy,90,1.5,/home/sivaj/projects/AI-ML/AmzurCodeReviewTemplates/CodeReviewTemplate-Main/Plan-2/Phase-1-Project-Assignments/Project 3 - Resume and Job Matching Engine.md
40,1,3,Resume and Job Matching Engine,,M3,P3-M3-SYSTEM-01,Recommendation engine,Build complete recommendation system with explanations,180,3.0,/home/sivaj/projects/AI-ML/AmzurCodeReviewTemplates/CodeReviewTemplate-Main/Plan-2/Phase-1-Project-Assignments/Project 3 - Resume and Job Matching Engine.md
41,1,3,Resume and Job Matching Engine,,M3,P3-M3-SYSTEM-02,Advanced filtering and search,Implement filtering by location salary and experience level,120,2.0,/home/sivaj/projects/AI-ML/AmzurCodeReviewTemplates/CodeReviewTemplate-Main/Plan-2/Phase-1-Project-Assignments/Project 3 - Resume and Job Matching Engine.md
42,1,3,Resume and Job Matching Engine,,M3,P3-M3-ANALYTICS-01,Matching analytics dashboard,Create analytics for match quality and user engagement,150,2.5,/home/sivaj/projects/AI-ML/AmzurCodeReviewTemplates/CodeReviewTemplate-Main/Plan-2/Phase-1-Project-Assignments/Project 3 - Resume and Job Matching Engine.md
43,1,3,Resume and Job Matching Engine,,M3,P3-M3-DEPLOY-01,Production deployment,Deploy matching engine with scalable infrastructure,120,2.0,/home/sivaj/projects/AI-ML/AmzurCodeReviewTemplates/CodeReviewTemplate-Main/Plan-2/Phase-1-Project-Assignments/Project 3 - Resume and Job Matching Engine.md
44,1,4,Automated Data Wrangling Pipeline,,M1,P4-M1-AIRFLOW-01,Apache Airflow setup,Configure Airflow environment with DAG structure,120,2.0,/home/sivaj/projects/AI-ML/AmzurCodeReviewTemplates/CodeReviewTemplate-Main/Plan-2/Phase-1-Project-Assignments/Project 4 - Automated Data Wrangling Pipeline.md
45,1,4,Automated Data Wrangling Pipeline,,M1,P4-M1-PIPELINE-01,Data ingestion pipeline,Build multi-source data ingestion with error handling,180,3.0,/home/sivaj/projects/AI-ML/AmzurCodeReviewTemplates/CodeReviewTemplate-Main/Plan-2/Phase-1-Project-Assignments/Project 4 - Automated Data Wrangling Pipeline.md
46,1,4,Automated Data Wrangling Pipeline,,M1,P4-M1-QUALITY-01,Data quality validation,Implement comprehensive data quality checks and anomaly detection,150,2.5,/home/sivaj/projects/AI-ML/AmzurCodeReviewTemplates/CodeReviewTemplate-Main/Plan-2/Phase-1-Project-Assignments/Project 4 - Automated Data Wrangling Pipeline.md
47,1,4,Automated Data Wrangling Pipeline,,M1,P4-M1-TRANSFORM-01,Data transformation engine,Create flexible data transformation with ML preprocessing,120,2.0,/home/sivaj/projects/AI-ML/AmzurCodeReviewTemplates/CodeReviewTemplate-Main/Plan-2/Phase-1-Project-Assignments/Project 4 - Automated Data Wrangling Pipeline.md
48,1,4,Automated Data Wrangling Pipeline,,M2,P4-M2-AI-01,AI-enhanced data cleaning,Implement LLM-powered data correction and pattern recognition,180,3.0,/home/sivaj/projects/AI-ML/AmzurCodeReviewTemplates/CodeReviewTemplate-Main/Plan-2/Phase-1-Project-Assignments/Project 4 - Automated Data Wrangling Pipeline.md
49,1,4,Automated Data Wrangling Pipeline,,M2,P4-M2-AI-02,Automated insight generation,Build AI system for automatic data summaries and anomaly explanations,150,2.5,/home/sivaj/projects/AI-ML/AmzurCodeReviewTemplates/CodeReviewTemplate-Main/Plan-2/Phase-1-Project-Assignments/Project 4 - Automated Data Wrangling Pipeline.md
50,1,4,Automated Data Wrangling Pipeline,,M2,P4-M2-MONITOR-01,Pipeline monitoring system,Create comprehensive monitoring with alerts and performance tracking,120,2.0,/home/sivaj/projects/AI-ML/AmzurCodeReviewTemplates/CodeReviewTemplate-Main/Plan-2/Phase-1-Project-Assignments/Project 4 - Automated Data Wrangling Pipeline.md
51,1,4,Automated Data Wrangling Pipeline,,M3,P4-M3-SCALE-01,Scalable deployment,Deploy pipeline with auto-scaling and fault tolerance,150,2.5,/home/sivaj/projects/AI-ML/AmzurCodeReviewTemplates/CodeReviewTemplate-Main/Plan-2/Phase-1-Project-Assignments/Project 4 - Automated Data Wrangling Pipeline.md
52,1,4,Automated Data Wrangling Pipeline,,M3,P4-M3-SCALE-02,Performance optimization,Optimize pipeline for large-scale data processing,120,2.0,/home/sivaj/projects/AI-ML/AmzurCodeReviewTemplates/CodeReviewTemplate-Main/Plan-2/Phase-1-Project-Assignments/Project 4 - Automated Data Wrangling Pipeline.md
53,1,4,Automated Data Wrangling Pipeline,,M3,P4-M3-DOCS-01,Complete documentation,Create comprehensive pipeline documentation and user guides,90,1.5,/home/sivaj/projects/AI-ML/AmzurCodeReviewTemplates/CodeReviewTemplate-Main/Plan-2/Phase-1-Project-Assignments/Project 4 - Automated Data Wrangling Pipeline.md
54,1,5,Custom Knowledge Base Chatbot,,M1,P5-M1-RAG-01,RAG architecture setup,Implement retrieval-augmented generation framework with LangChain,150,2.5,/home/sivaj/projects/AI-ML/AmzurCodeReviewTemplates/CodeReviewTemplate-Main/Plan-2/Phase-1-Project-Assignments/Project 5 - Custom Knowledge Base Chatbot.md
55,1,5,Custom Knowledge Base Chatbot,,M1,P5-M1-RAG-02,Document processing pipeline,Build document chunking metadata extraction and indexing,180,3.0,/home/sivaj/projects/AI-ML/AmzurCodeReviewTemplates/CodeReviewTemplate-Main/Plan-2/Phase-1-Project-Assignments/Project 5 - Custom Knowledge Base Chatbot.md
56,1,5,Custom Knowledge Base Chatbot,,M1,P5-M1-VECTOR-01,Vector database integration,Setup ChromaDB with embedding strategies and retrieval optimization,120,2.0,/home/sivaj/projects/AI-ML/AmzurCodeReviewTemplates/CodeReviewTemplate-Main/Plan-2/Phase-1-Project-Assignments/Project 5 - Custom Knowledge Base Chatbot.md
57,1,5,Custom Knowledge Base Chatbot,,M1,P5-M1-CHAT-01,Basic chat interface,Create conversational interface with context management,90,1.5,/home/sivaj/projects/AI-ML/AmzurCodeReviewTemplates/CodeReviewTemplate-Main/Plan-2/Phase-1-Project-Assignments/Project 5 - Custom Knowledge Base Chatbot.md
58,1,5,Custom Knowledge Base Chatbot,,M2,P5-M2-CONTEXT-01,Advanced context management,Implement conversation history and memory systems,150,2.5,/home/sivaj/projects/AI-ML/AmzurCodeReviewTemplates/CodeReviewTemplate-Main/Plan-2/Phase-1-Project-Assignments/Project 5 - Custom Knowledge Base Chatbot.md
59,1,5,Custom Knowledge Base Chatbot,,M2,P5-M2-CONTEXT-02,Multi-turn conversation support,Handle complex conversations with reference resolution,120,2.0,/home/sivaj/projects/AI-ML/AmzurCodeReviewTemplates/CodeReviewTemplate-Main/Plan-2/Phase-1-Project-Assignments/Project 5 - Custom Knowledge Base Chatbot.md
60,1,5,Custom Knowledge Base Chatbot,,M2,P5-M2-QUERY-01,Intelligent query processing,Implement intent recognition and query enhancement,180,3.0,/home/sivaj/projects/AI-ML/AmzurCodeReviewTemplates/CodeReviewTemplate-Main/Plan-2/Phase-1-Project-Assignments/Project 5 - Custom Knowledge Base Chatbot.md
61,1,5,Custom Knowledge Base Chatbot,,M3,P5-M3-ADVANCED-01,Advanced chat features,Add source citations knowledge graph integration and personalization,200,3.3,/home/sivaj/projects/AI-ML/AmzurCodeReviewTemplates/CodeReviewTemplate-Main/Plan-2/Phase-1-Project-Assignments/Project 5 - Custom Knowledge Base Chatbot.md
62,1,5,Custom Knowledge Base Chatbot,,M3,P5-M3-ADVANCED-02,Performance optimization,Optimize retrieval speed response quality and user experience,120,2.0,/home/sivaj/projects/AI-ML/AmzurCodeReviewTemplates/CodeReviewTemplate-Main/Plan-2/Phase-1-Project-Assignments/Project 5 - Custom Knowledge Base Chatbot.md
63,1,5,Custom Knowledge Base Chatbot,,M3,P5-M3-DEPLOY-01,Production deployment,Deploy chatbot with scalable infrastructure and monitoring,150,2.5,/home/sivaj/projects/AI-ML/AmzurCodeReviewTemplates/CodeReviewTemplate-Main/Plan-2/Phase-1-Project-Assignments/Project 5 - Custom Knowledge Base Chatbot.md
64,1,6,Automated Code Reviewer,,M1,P6-M1-AST-01,Code parsing system,Implement AST-based code analysis and structure extraction,150,2.5,/home/sivaj/projects/AI-ML/AmzurCodeReviewTemplates/CodeReviewTemplate-Main/Plan-2/Phase-1-Project-Assignments/Project 6 - Automated Code Reviewer.md
65,1,6,Automated Code Reviewer,,M1,P6-M1-AST-02,Code quality metrics,Calculate complexity maintainability and technical debt scores,120,2.0,/home/sivaj/projects/AI-ML/AmzurCodeReviewTemplates/CodeReviewTemplate-Main/Plan-2/Phase-1-Project-Assignments/Project 6 - Automated Code Reviewer.md
66,1,6,Automated Code Reviewer,,M1,P6-M1-AI-01,AI-powered code analysis,Integrate LLM for code understanding and suggestion generation,180,3.0,/home/sivaj/projects/AI-ML/AmzurCodeReviewTemplates/CodeReviewTemplate-Main/Plan-2/Phase-1-Project-Assignments/Project 6 - Automated Code Reviewer.md
67,1,6,Automated Code Reviewer,,M1,P6-M1-SECURITY-01,Security analysis engine,Implement vulnerability detection and security best practice validation,150,2.5,/home/sivaj/projects/AI-ML/AmzurCodeReviewTemplates/CodeReviewTemplate-Main/Plan-2/Phase-1-Project-Assignments/Project 6 - Automated Code Reviewer.md
68,1,6,Automated Code Reviewer,,M2,P6-M2-REVIEW-01,Automated review generation,Generate comprehensive code review reports with suggestions,180,3.0,/home/sivaj/projects/AI-ML/AmzurCodeReviewTemplates/CodeReviewTemplate-Main/Plan-2/Phase-1-Project-Assignments/Project 6 - Automated Code Reviewer.md
69,1,6,Automated Code Reviewer,,M2,P6-M2-REVIEW-02,Code improvement suggestions,Provide specific actionable improvement recommendations,150,2.5,/home/sivaj/projects/AI-ML/AmzurCodeReviewTemplates/CodeReviewTemplate-Main/Plan-2/Phase-1-Project-Assignments/Project 6 - Automated Code Reviewer.md
70,1,6,Automated Code Reviewer,,M2,P6-M2-API-01,FastAPI service development,Create REST API for code review services,120,2.0,/home/sivaj/projects/AI-ML/AmzurCodeReviewTemplates/CodeReviewTemplate-Main/Plan-2/Phase-1-Project-Assignments/Project 6 - Automated Code Reviewer.md
71,1,6,Automated Code Reviewer,,M3,P6-M3-CICD-01,CI/CD integration,Integrate with GitHub Actions and webhook handling,180,3.0,/home/sivaj/projects/AI-ML/AmzurCodeReviewTemplates/CodeReviewTemplate-Main/Plan-2/Phase-1-Project-Assignments/Project 6 - Automated Code Reviewer.md
72,1,6,Automated Code Reviewer,,M3,P6-M3-CICD-02,Automated documentation generation,Generate API documentation and code explanations,120,2.0,/home/sivaj/projects/AI-ML/AmzurCodeReviewTemplates/CodeReviewTemplate-Main/Plan-2/Phase-1-Project-Assignments/Project 6 - Automated Code Reviewer.md
73,1,6,Automated Code Reviewer,,M3,P6-M3-DEPLOY-01,Production deployment,Deploy code reviewer with enterprise-grade infrastructure,150,2.5,/home/sivaj/projects/AI-ML/AmzurCodeReviewTemplates/CodeReviewTemplate-Main/Plan-2/Phase-1-Project-Assignments/Project 6 - Automated Code Reviewer.md
74,2,7,Customer Sentiment Analyzer,,S1,S1-D1-MODEL-01,Hugging Face model selection and fine-tuning setup,Evaluate and select optimal sentiment analysis models (BERT RoBERTa DistilBERT),180,3.0,/home/sivaj/projects/AI-ML/AmzurCodeReviewTemplates/CodeReviewTemplate-Main/Plan-2/Phase-2-Project-Assignments/Project 7 - Customer Sentiment Analyzer.md
75,2,7,Customer Sentiment Analyzer,,S1,S1-D1-MODEL-02,Custom model training pipeline,Implement fine-tuning pipeline for domain-specific sentiment analysis,240,4.0,/home/sivaj/projects/AI-ML/AmzurCodeReviewTemplates/CodeReviewTemplate-Main/Plan-2/Phase-2-Project-Assignments/Project 7 - Customer Sentiment Analyzer.md
76,2,7,Customer Sentiment Analyzer,,S1,S1-D1-API-01,Model serving with FastAPI,Create REST API endpoints for real-time sentiment analysis,150,2.5,/home/sivaj/projects/AI-ML/AmzurCodeReviewTemplates/CodeReviewTemplate-Main/Plan-2/Phase-2-Project-Assignments/Project 7 - Customer Sentiment Analyzer.md
77,2,7,Customer Sentiment Analyzer,,S1,S1-D1-API-02,Batch processing capabilities,Implement batch analysis for large datasets,120,2.0,/home/sivaj/projects/AI-ML/AmzurCodeReviewTemplates/CodeReviewTemplate-Main/Plan-2/Phase-2-Project-Assignments/Project 7 - Customer Sentiment Analyzer.md
78,2,7,Customer Sentiment Analyzer,,S1,S1-D1-TEST-01,Model validation and testing framework,Create comprehensive testing suite for model accuracy and performance,90,1.5,/home/sivaj/projects/AI-ML/AmzurCodeReviewTemplates/CodeReviewTemplate-Main/Plan-2/Phase-2-Project-Assignments/Project 7 - Customer Sentiment Analyzer.md
79,2,7,Customer Sentiment Analyzer,,S1,S1-D3-DATA-01,Multi-source data ingestion,Connect to customer feedback sources (surveys reviews social media APIs),180,3.0,/home/sivaj/projects/AI-ML/AmzurCodeReviewTemplates/CodeReviewTemplate-Main/Plan-2/Phase-2-Project-Assignments/Project 7 - Customer Sentiment Analyzer.md
80,2,7,Customer Sentiment Analyzer,,S1,S1-D3-DATA-02,Real-time processing pipeline,Implement streaming data processing with live sentiment analysis,200,3.3,/home/sivaj/projects/AI-ML/AmzurCodeReviewTemplates/CodeReviewTemplate-Main/Plan-2/Phase-2-Project-Assignments/Project 7 - Customer Sentiment Analyzer.md
81,2,7,Customer Sentiment Analyzer,,S1,S1-D3-ANALYTICS-01,Sentiment trend analysis,Build analytics engine for sentiment trends patterns and insights,150,2.5,/home/sivaj/projects/AI-ML/AmzurCodeReviewTemplates/CodeReviewTemplate-Main/Plan-2/Phase-2-Project-Assignments/Project 7 - Customer Sentiment Analyzer.md
82,2,7,Customer Sentiment Analyzer,,S1,S1-D3-ANALYTICS-02,Advanced sentiment features,Implement emotion detection aspect-based sentiment and confidence scoring,180,3.0,/home/sivaj/projects/AI-ML/AmzurCodeReviewTemplates/CodeReviewTemplate-Main/Plan-2/Phase-2-Project-Assignments/Project 7 - Customer Sentiment Analyzer.md
83,2,7,Customer Sentiment Analyzer,,S1,S1-D3-STORAGE-01,Database and data management,Setup efficient data storage for historical analysis and reporting,90,1.5,/home/sivaj/projects/AI-ML/AmzurCodeReviewTemplates/CodeReviewTemplate-Main/Plan-2/Phase-2-Project-Assignments/Project 7 - Customer Sentiment Analyzer.md
84,2,7,Customer Sentiment Analyzer,,S1,S1-D5-UI-01,Interactive sentiment dashboard,Create comprehensive Streamlit dashboard with real-time sentiment visualization,200,3.3,/home/sivaj/projects/AI-ML/AmzurCodeReviewTemplates/CodeReviewTemplate-Main/Plan-2/Phase-2-Project-Assignments/Project 7 - Customer Sentiment Analyzer.md
85,2,7,Customer Sentiment Analyzer,,S1,S1-D5-UI-02,Customer feedback management interface,Build interface for reviewing filtering and managing customer feedback,150,2.5,/home/sivaj/projects/AI-ML/AmzurCodeReviewTemplates/CodeReviewTemplate-Main/Plan-2/Phase-2-Project-Assignments/Project 7 - Customer Sentiment Analyzer.md
86,2,7,Customer Sentiment Analyzer,,S1,S1-D5-VIZ-01,Advanced visualization components,Implement trend charts heatmaps word clouds and sentiment distribution plots,180,3.0,/home/sivaj/projects/AI-ML/AmzurCodeReviewTemplates/CodeReviewTemplate-Main/Plan-2/Phase-2-Project-Assignments/Project 7 - Customer Sentiment Analyzer.md
87,2,7,Customer Sentiment Analyzer,,S1,S1-D5-VIZ-02,Interactive reporting features,Add drill-down capabilities filtering and exportable reports,120,2.0,/home/sivaj/projects/AI-ML/AmzurCodeReviewTemplates/CodeReviewTemplate-Main/Plan-2/Phase-2-Project-Assignments/Project 7 - Customer Sentiment Analyzer.md
88,2,7,Customer Sentiment Analyzer,,S1,S1-D5-MOBILE-01,Mobile-responsive design,Ensure dashboard works effectively on mobile devices,90,1.5,/home/sivaj/projects/AI-ML/AmzurCodeReviewTemplates/CodeReviewTemplate-Main/Plan-2/Phase-2-Project-Assignments/Project 7 - Customer Sentiment Analyzer.md
89,2,7,Customer Sentiment Analyzer,,S1,S1-D7-DEPLOY-01,Cloud deployment setup,Deploy application to AWS/GCP/Azure with proper configuration,180,3.0,/home/sivaj/projects/AI-ML/AmzurCodeReviewTemplates/CodeReviewTemplate-Main/Plan-2/Phase-2-Project-Assignments/Project 7 - Customer Sentiment Analyzer.md
90,2,7,Customer Sentiment Analyzer,,S1,S1-D7-DEPLOY-02,CI/CD pipeline implementation,Setup automated deployment and testing pipelines,120,2.0,/home/sivaj/projects/AI-ML/AmzurCodeReviewTemplates/CodeReviewTemplate-Main/Plan-2/Phase-2-Project-Assignments/Project 7 - Customer Sentiment Analyzer.md
91,2,7,Customer Sentiment Analyzer,,S1,S1-D7-MONITOR-01,Monitoring and alerting,Implement application monitoring logging and alert systems,90,1.5,/home/sivaj/projects/AI-ML/AmzurCodeReviewTemplates/CodeReviewTemplate-Main/Plan-2/Phase-2-Project-Assignments/Project 7 - Customer Sentiment Analyzer.md
92,2,7,Customer Sentiment Analyzer,,S1,S1-D7-DOCS-01,Comprehensive documentation,Create detailed README API docs and user guides,120,2.0,/home/sivaj/projects/AI-ML/AmzurCodeReviewTemplates/CodeReviewTemplate-Main/Plan-2/Phase-2-Project-Assignments/Project 7 - Customer Sentiment Analyzer.md
93,2,7,Customer Sentiment Analyzer,,S1,S1-D7-DEMO-01,Demo preparation and presentation,Prepare live demonstration with real customer feedback data,90,1.5,/home/sivaj/projects/AI-ML/AmzurCodeReviewTemplates/CodeReviewTemplate-Main/Plan-2/Phase-2-Project-Assignments/Project 7 - Customer Sentiment Analyzer.md
94,2,8,Multilingual Document Summarizer,,S2,S2-D1-MODEL-01,T5 and multilingual model setup,Configure T5 mBERT and multilingual summarization models,180,3.0,/home/sivaj/projects/AI-ML/AmzurCodeReviewTemplates/CodeReviewTemplate-Main/Plan-2/Phase-2-Project-Assignments/Project 8 - Multilingual Document Summarizer.md
95,2,8,Multilingual Document Summarizer,,S2,S2-D1-LANG-01,Language detection system,Implement automatic language identification with confidence scoring,120,2.0,/home/sivaj/projects/AI-ML/AmzurCodeReviewTemplates/CodeReviewTemplate-Main/Plan-2/Phase-2-Project-Assignments/Project 8 - Multilingual Document Summarizer.md
96,2,8,Multilingual Document Summarizer,,S2,S2-D1-DOC-01,Document processing pipeline,Build multi-format document processing (PDF DOCX HTML),150,2.5,/home/sivaj/projects/AI-ML/AmzurCodeReviewTemplates/CodeReviewTemplate-Main/Plan-2/Phase-2-Project-Assignments/Project 8 - Multilingual Document Summarizer.md
97,2,8,Multilingual Document Summarizer,,S2,S2-D2-SUMM-01,Abstractive summarization engine,Implement T5-based content generation with coherence maintenance,200,3.3,/home/sivaj/projects/AI-ML/AmzurCodeReviewTemplates/CodeReviewTemplate-Main/Plan-2/Phase-2-Project-Assignments/Project 8 - Multilingual Document Summarizer.md
98,2,8,Multilingual Document Summarizer,,S2,S2-D2-SUMM-02,Extractive summarization system,Build key sentence selection with ranking algorithms,150,2.5,/home/sivaj/projects/AI-ML/AmzurCodeReviewTemplates/CodeReviewTemplate-Main/Plan-2/Phase-2-Project-Assignments/Project 8 - Multilingual Document Summarizer.md
99,2,8,Multilingual Document Summarizer,,S2,S2-D3-MULTI-01,Cross-lingual summarization,Implement mBERT and XLM-R for language-agnostic processing,180,3.0,/home/sivaj/projects/AI-ML/AmzurCodeReviewTemplates/CodeReviewTemplate-Main/Plan-2/Phase-2-Project-Assignments/Project 8 - Multilingual Document Summarizer.md
100,2,8,Multilingual Document Summarizer,,S2,S2-D3-MULTI-02,Cultural adaptation system,Add locale-specific processing and cultural context awareness,120,2.0,/home/sivaj/projects/AI-ML/AmzurCodeReviewTemplates/CodeReviewTemplate-Main/Plan-2/Phase-2-Project-Assignments/Project 8 - Multilingual Document Summarizer.md
101,2,8,Multilingual Document Summarizer,,S2,S2-D4-UI-01,Multi-language interface,Create Streamlit interface supporting 10+ languages,150,2.5,/home/sivaj/projects/AI-ML/AmzurCodeReviewTemplates/CodeReviewTemplate-Main/Plan-2/Phase-2-Project-Assignments/Project 8 - Multilingual Document Summarizer.md
102,2,8,Multilingual Document Summarizer,,S2,S2-D4-EVAL-01,Summarization quality metrics,Implement ROUGE BLEU and human evaluation methods,90,1.5,/home/sivaj/projects/AI-ML/AmzurCodeReviewTemplates/CodeReviewTemplate-Main/Plan-2/Phase-2-Project-Assignments/Project 8 - Multilingual Document Summarizer.md
103,2,8,Multilingual Document Summarizer,,S2,S2-D5-DEPLOY-01,Production deployment,Deploy multilingual summarizer with auto-scaling,180,3.0,/home/sivaj/projects/AI-ML/AmzurCodeReviewTemplates/CodeReviewTemplate-Main/Plan-2/Phase-2-Project-Assignments/Project 8 - Multilingual Document Summarizer.md
104,2,9,Fraud Detection System,,S3,S3-D1-DATA-01,Financial data preprocessing,Implement advanced feature engineering for fraud detection,180,3.0,/home/sivaj/projects/AI-ML/AmzurCodeReviewTemplates/CodeReviewTemplate-Main/Plan-2/Phase-2-Project-Assignments/Project 9 - Fraud Detection System.md
105,2,9,Fraud Detection System,,S3,S3-D1-FEATURE-01,Domain-specific feature engineering,Create fraud-specific features interaction terms and temporal patterns,200,3.3,/home/sivaj/projects/AI-ML/AmzurCodeReviewTemplates/CodeReviewTemplate-Main/Plan-2/Phase-2-Project-Assignments/Project 9 - Fraud Detection System.md
106,2,9,Fraud Detection System,,S3,S3-D1-IMBALANCE-01,Imbalanced data handling,Implement SMOTE undersampling and cost-sensitive learning,150,2.5,/home/sivaj/projects/AI-ML/AmzurCodeReviewTemplates/CodeReviewTemplate-Main/Plan-2/Phase-2-Project-Assignments/Project 9 - Fraud Detection System.md
107,2,9,Fraud Detection System,,S3,S3-D2-MODEL-01,Ensemble model development,Build XGBoost Random Forest and voting classifiers,180,3.0,/home/sivaj/projects/AI-ML/AmzurCodeReviewTemplates/CodeReviewTemplate-Main/Plan-2/Phase-2-Project-Assignments/Project 9 - Fraud Detection System.md
108,2,9,Fraud Detection System,,S3,S3-D2-EXPLAIN-01,Model interpretability system,Implement SHAP LIME and feature importance analysis,150,2.5,/home/sivaj/projects/AI-ML/AmzurCodeReviewTemplates/CodeReviewTemplate-Main/Plan-2/Phase-2-Project-Assignments/Project 9 - Fraud Detection System.md
109,2,9,Fraud Detection System,,S3,S3-D3-REALTIME-01,Real-time inference system,Build low-latency prediction and model serving,120,2.0,/home/sivaj/projects/AI-ML/AmzurCodeReviewTemplates/CodeReviewTemplate-Main/Plan-2/Phase-2-Project-Assignments/Project 9 - Fraud Detection System.md
110,2,9,Fraud Detection System,,S3,S3-D3-MONITOR-01,Model monitoring and drift detection,Implement data drift model drift and performance monitoring,150,2.5,/home/sivaj/projects/AI-ML/AmzurCodeReviewTemplates/CodeReviewTemplate-Main/Plan-2/Phase-2-Project-Assignments/Project 9 - Fraud Detection System.md
111,2,9,Fraud Detection System,,S3,S3-D4-COMPLIANCE-01,Regulatory compliance system,Add audit trails fairness metrics and regulatory reporting,180,3.0,/home/sivaj/projects/AI-ML/AmzurCodeReviewTemplates/CodeReviewTemplate-Main/Plan-2/Phase-2-Project-Assignments/Project 9 - Fraud Detection System.md
112,2,9,Fraud Detection System,,S3,S3-D5-DEPLOY-01,Production deployment,Deploy fraud detection system with enterprise infrastructure,200,3.3,/home/sivaj/projects/AI-ML/AmzurCodeReviewTemplates/CodeReviewTemplate-Main/Plan-2/Phase-2-Project-Assignments/Project 9 - Fraud Detection System.md
113,2,10,Dynamic Pricing Engine,,S4,S4-D1-RL-01,Reinforcement learning environment setup,Implement RL framework for dynamic pricing optimization,200,3.3,/home/sivaj/projects/AI-ML/AmzurCodeReviewTemplates/CodeReviewTemplate-Main/Plan-2/Phase-2-Project-Assignments/Project 10 - Dynamic Pricing Engine.md
114,2,10,Dynamic Pricing Engine,,S4,S4-D1-TS-01,Time series forecasting system,Build Prophet ARIMA and ensemble forecasting models,180,3.0,/home/sivaj/projects/AI-ML/AmzurCodeReviewTemplates/CodeReviewTemplate-Main/Plan-2/Phase-2-Project-Assignments/Project 10 - Dynamic Pricing Engine.md
115,2,10,Dynamic Pricing Engine,,S4,S4-D2-DEMAND-01,Demand prediction engine,Implement sales forecasting and inventory optimization,150,2.5,/home/sivaj/projects/AI-ML/AmzurCodeReviewTemplates/CodeReviewTemplate-Main/Plan-2/Phase-2-Project-Assignments/Project 10 - Dynamic Pricing Engine.md
116,2,10,Dynamic Pricing Engine,,S4,S4-D2-ELASTIC-01,Price elasticity modeling,Build demand curves and elasticity analysis,180,3.0,/home/sivaj/projects/AI-ML/AmzurCodeReviewTemplates/CodeReviewTemplate-Main/Plan-2/Phase-2-Project-Assignments/Project 10 - Dynamic Pricing Engine.md
117,2,10,Dynamic Pricing Engine,,S4,S4-D3-OPTIM-01,Revenue optimization system,Implement profit maximization and business constraints,200,3.3,/home/sivaj/projects/AI-ML/AmzurCodeReviewTemplates/CodeReviewTemplate-Main/Plan-2/Phase-2-Project-Assignments/Project 10 - Dynamic Pricing Engine.md
118,2,10,Dynamic Pricing Engine,,S4,S4-D3-ABTESTING-01,A/B testing framework,Build experimental design and statistical significance testing,150,2.5,/home/sivaj/projects/AI-ML/AmzurCodeReviewTemplates/CodeReviewTemplate-Main/Plan-2/Phase-2-Project-Assignments/Project 10 - Dynamic Pricing Engine.md
119,2,10,Dynamic Pricing Engine,,S4,S4-D4-COMPETITION-01,Competitive analysis system,Implement market pricing and competitor monitoring,120,2.0,/home/sivaj/projects/AI-ML/AmzurCodeReviewTemplates/CodeReviewTemplate-Main/Plan-2/Phase-2-Project-Assignments/Project 10 - Dynamic Pricing Engine.md
120,2,10,Dynamic Pricing Engine,,S4,S4-D5-DEPLOY-01,Production pricing system,Deploy dynamic pricing engine with real-time updates,180,3.0,/home/sivaj/projects/AI-ML/AmzurCodeReviewTemplates/CodeReviewTemplate-Main/Plan-2/Phase-2-Project-Assignments/Project 10 - Dynamic Pricing Engine.md
121,2,11,Computer Vision Quality Control,,S5,S5-D1-CV-01,CNN architecture development,Build specialized CNN models for quality inspection,200,3.3,/home/sivaj/projects/AI-ML/AmzurCodeReviewTemplates/CodeReviewTemplate-Main/Plan-2/Phase-2-Project-Assignments/Project 11 - Computer Vision Quality Control.md
122,2,11,Computer Vision Quality Control,,S5,S5-D1-DETECT-01,Object detection system,Implement YOLO R-CNN for defect detection,180,3.0,/home/sivaj/projects/AI-ML/AmzurCodeReviewTemplates/CodeReviewTemplate-Main/Plan-2/Phase-2-Project-Assignments/Project 11 - Computer Vision Quality Control.md
123,2,11,Computer Vision Quality Control,,S5,S5-D2-TRANSFER-01,Transfer learning implementation,Apply pre-trained models with fine-tuning for manufacturing,150,2.5,/home/sivaj/projects/AI-ML/AmzurCodeReviewTemplates/CodeReviewTemplate-Main/Plan-2/Phase-2-Project-Assignments/Project 11 - Computer Vision Quality Control.md
124,2,11,Computer Vision Quality Control,,S5,S5-D2-AUGMENT-01,Image augmentation pipeline,Implement comprehensive data augmentation strategies,120,2.0,/home/sivaj/projects/AI-ML/AmzurCodeReviewTemplates/CodeReviewTemplate-Main/Plan-2/Phase-2-Project-Assignments/Project 11 - Computer Vision Quality Control.md
125,2,11,Computer Vision Quality Control,,S5,S5-D3-REALTIME-01,Real-time processing system,Build video streaming and frame processing pipeline,180,3.0,/home/sivaj/projects/AI-ML/AmzurCodeReviewTemplates/CodeReviewTemplate-Main/Plan-2/Phase-2-Project-Assignments/Project 11 - Computer Vision Quality Control.md
126,2,11,Computer Vision Quality Control,,S5,S5-D3-EDGE-01,Edge deployment optimization,Implement model compression and mobile deployment,150,2.5,/home/sivaj/projects/AI-ML/AmzurCodeReviewTemplates/CodeReviewTemplate-Main/Plan-2/Phase-2-Project-Assignments/Project 11 - Computer Vision Quality Control.md
127,2,11,Computer Vision Quality Control,,S5,S5-D4-METRICS-01,Quality assessment system,Build precision recall IoU and quality metrics,120,2.0,/home/sivaj/projects/AI-ML/AmzurCodeReviewTemplates/CodeReviewTemplate-Main/Plan-2/Phase-2-Project-Assignments/Project 11 - Computer Vision Quality Control.md
128,2,11,Computer Vision Quality Control,,S5,S5-D5-DEPLOY-01,Industrial deployment,Deploy computer vision system for manufacturing environment,200,3.3,/home/sivaj/projects/AI-ML/AmzurCodeReviewTemplates/CodeReviewTemplate-Main/Plan-2/Phase-2-Project-Assignments/Project 11 - Computer Vision Quality Control.md
129,3,12,Healthcare AI Platform,Medical Technology,T1,T1-P12-DICOM-01,DICOM processing and medical imaging,Implement medical image analysis with DICOM standard compliance,300,5.0,/home/sivaj/projects/AI-ML/AmzurCodeReviewTemplates/CodeReviewTemplate-Main/Plan-2/Phase-3-Project-Assignments/Project 12 - Healthcare AI Platform.md
130,3,12,Healthcare AI Platform,Medical Technology,T1,T1-P12-AI-01,Diagnostic AI and clinical workflows,Build AI-assisted diagnostic system with clinical integration,400,6.7,/home/sivaj/projects/AI-ML/AmzurCodeReviewTemplates/CodeReviewTemplate-Main/Plan-2/Phase-3-Project-Assignments/Project 12 - Healthcare AI Platform.md
131,3,12,Healthcare AI Platform,Medical Technology,T1,T1-P12-TEAM-01,Team collaboration and project management,Coordinate development team with role-based responsibilities,200,3.3,/home/sivaj/projects/AI-ML/AmzurCodeReviewTemplates/CodeReviewTemplate-Main/Plan-2/Phase-3-Project-Assignments/Project 12 - Healthcare AI Platform.md
132,3,12,Healthcare AI Platform,Medical Technology,T1,T1-P12-COMPLIANCE-01,Healthcare compliance and regulatory standards,Ensure HIPAA compliance and medical device standards,250,4.2,/home/sivaj/projects/AI-ML/AmzurCodeReviewTemplates/CodeReviewTemplate-Main/Plan-2/Phase-3-Project-Assignments/Project 12 - Healthcare AI Platform.md
133,3,12,Healthcare AI Platform,Medical Technology,T1,T1-P12-CLIENT-01,Client presentation and stakeholder management,Present to MedTech Solutions with business impact metrics,150,2.5,/home/sivaj/projects/AI-ML/AmzurCodeReviewTemplates/CodeReviewTemplate-Main/Plan-2/Phase-3-Project-Assignments/Project 12 - Healthcare AI Platform.md
134,3,13,E-commerce Intelligence Platform,Business Intelligence,T2,T2-P13-RECOMMEND-01,Recommendation systems and personalization,Build advanced recommendation engine with real-time personalization,350,5.8,/home/sivaj/projects/AI-ML/AmzurCodeReviewTemplates/CodeReviewTemplate-Main/Plan-2/Phase-3-Project-Assignments/Project 13 - E-commerce Intelligence Platform.md
135,3,13,E-commerce Intelligence Platform,Business Intelligence,T2,T2-P13-FORECAST-01,Demand forecasting and inventory optimization,Implement sales prediction and supply chain optimization,300,5.0,/home/sivaj/projects/AI-ML/AmzurCodeReviewTemplates/CodeReviewTemplate-Main/Plan-2/Phase-3-Project-Assignments/Project 13 - E-commerce Intelligence Platform.md
136,3,13,E-commerce Intelligence Platform,Business Intelligence,T2,T2-P13-REALTIME-01,Real-time data processing and analytics,Build streaming analytics with Kafka and Redis,250,4.2,/home/sivaj/projects/AI-ML/AmzurCodeReviewTemplates/CodeReviewTemplate-Main/Plan-2/Phase-3-Project-Assignments/Project 13 - E-commerce Intelligence Platform.md
137,3,13,E-commerce Intelligence Platform,Business Intelligence,T2,T2-P13-BUSINESS-01,Business intelligence and revenue optimization,Create executive dashboards with ROI measurement,200,3.3,/home/sivaj/projects/AI-ML/AmzurCodeReviewTemplates/CodeReviewTemplate-Main/Plan-2/Phase-3-Project-Assignments/Project 13 - E-commerce Intelligence Platform.md
138,3,13,E-commerce Intelligence Platform,Business Intelligence,T2,T2-P13-CLIENT-01,RetailMax Digital client engagement,Present business impact with 25% revenue growth metrics,150,2.5,/home/sivaj/projects/AI-ML/AmzurCodeReviewTemplates/CodeReviewTemplate-Main/Plan-2/Phase-3-Project-Assignments/Project 13 - E-commerce Intelligence Platform.md
139,3,14,Smart City IoT Analytics,Government Technology,T3,T3-P14-IOT-01,IoT data processing and sensor integration,Build real-time IoT analytics with time series processing,300,5.0,/home/sivaj/projects/AI-ML/AmzurCodeReviewTemplates/CodeReviewTemplate-Main/Plan-2/Phase-3-Project-Assignments/Project 14 - Smart City IoT Analytics.md
140,3,14,Smart City IoT Analytics,Government Technology,T3,T3-P14-VISION-01,Computer vision for traffic and safety monitoring,Implement traffic analysis and crowd monitoring systems,350,5.8,/home/sivaj/projects/AI-ML/AmzurCodeReviewTemplates/CodeReviewTemplate-Main/Plan-2/Phase-3-Project-Assignments/Project 14 - Smart City IoT Analytics.md
141,3,14,Smart City IoT Analytics,Government Technology,T3,T3-P14-ANALYTICS-01,Urban analytics and optimization systems,Build traffic optimization and resource allocation,250,4.2,/home/sivaj/projects/AI-ML/AmzurCodeReviewTemplates/CodeReviewTemplate-Main/Plan-2/Phase-3-Project-Assignments/Project 14 - Smart City IoT Analytics.md
142,3,14,Smart City IoT Analytics,Government Technology,T3,T3-P14-CITIZEN-01,Citizen engagement and mobile applications,Create public dashboards and citizen feedback systems,200,3.3,/home/sivaj/projects/AI-ML/AmzurCodeReviewTemplates/CodeReviewTemplate-Main/Plan-2/Phase-3-Project-Assignments/Project 14 - Smart City IoT Analytics.md
143,3,14,Smart City IoT Analytics,Government Technology,T3,T3-P14-CLIENT-01,Metro City Council client presentation,Present 30% congestion reduction and environmental compliance,150,2.5,/home/sivaj/projects/AI-ML/AmzurCodeReviewTemplates/CodeReviewTemplate-Main/Plan-2/Phase-3-Project-Assignments/Project 14 - Smart City IoT Analytics.md
144,3,15,Capstone Portfolio Project,Individual Excellence,T4,T4-P15-RESEARCH-01,Advanced AI research implementation,Implement cutting-edge algorithms and novel architectures,400,6.7,/home/sivaj/projects/AI-ML/AmzurCodeReviewTemplates/CodeReviewTemplate-Main/Plan-2/Phase-3-Project-Assignments/Project 15 - Capstone Portfolio Project.md
145,3,15,Capstone Portfolio Project,Individual Excellence,T4,T4-P15-PRODUCTION-01,Production-scale system development,Build enterprise-grade systems with advanced MLOps,350,5.8,/home/sivaj/projects/AI-ML/AmzurCodeReviewTemplates/CodeReviewTemplate-Main/Plan-2/Phase-3-Project-Assignments/Project 15 - Capstone Portfolio Project.md
146,3,15,Capstone Portfolio Project,Individual Excellence,T4,T4-P15-DOMAIN-01,Domain-specific application development,Create specialized industry solutions with deep expertise,300,5.0,/home/sivaj/projects/AI-ML/AmzurCodeReviewTemplates/CodeReviewTemplate-Main/Plan-2/Phase-3-Project-Assignments/Project 15 - Capstone Portfolio Project.md
147,3,15,Capstone Portfolio Project,Individual Excellence,T4,T4-P15-IMPACT-01,Social impact and ethical AI development,Build AI for good with social benefit and responsible practices,250,4.2,/home/sivaj/projects/AI-ML/AmzurCodeReviewTemplates/CodeReviewTemplate-Main/Plan-2/Phase-3-Project-Assignments/Project 15 - Capstone Portfolio Project.md
148,3,15,Capstone Portfolio Project,Individual Excellence,T4,T4-P15-PORTFOLIO-01,Portfolio creation and career development,Create comprehensive portfolio with thought leadership,200,3.3,/home/sivaj/projects/AI-ML/AmzurCodeReviewTemplates/CodeReviewTemplate-Main/Plan-2/Phase-3-Project-Assignments/Project 15 - Capstone Portfolio Project.md
